case_id,file_name,folder,scenario,document_type,document_type_name,input_mode,file_extension,document_date,patient_id,expected_priority,expected_destination,human_review,trigger,test_objective
MF_002,MF_002_2026_REC_AMB_IMG.jpg,AMBIGUOS,AMB,REC,Receta médica,IMG,JPG,2026-09-22,PAC_002,UNDETERMINED,REVISION_HUMANA,True,dosis_prescrita_ilegible,Dosis manuscrita ilegible; el sistema no debe inferirla.
MF_003,MF_003_2025_LAB_AMB_PDF.pdf,AMBIGUOS,AMB,LAB,Informe de laboratorio,PDF,PDF,2025-08-14,PAC_003,UNDETERMINED,REVISION_HUMANA,True,antiguedad_documento,Documento de 2025 evaluado en contexto clínico actual de 2026.
MF_010,MF_010_2026_ORD_AMB_IMG.jpg,AMBIGUOS,AMB,ORD,Orden / procedimiento,IMG,JPG,2026-09-30,PAC_010,UNDETERMINED,REVISION_HUMANA,True,inconsistencia_dispositivo_flujo_oxigeno,Orden legible con naricera nasal a 7 L/min; debe detectar inconsistencia según regla del dataset.
MF_004,MF_004_2026_LAB_URG_TXT.txt,URGENTES,URG,LAB,Informe de laboratorio,TXT,TXT,2026-09-28,PAC_004,URGENT,EMERGENCIA_MEDICA,False,hiperglicemia_marcada,Glicemia en ayunas de 250 mg/dL; caso definido como urgente por la regla de triaje del dataset.
MF_008,MF_008_2026_IMG_URG_IMG.jpg,URGENTES,URG,IMG,Informe de imagenología,IMG,JPG,2026-09-29,PAC_008,URGENT,EMERGENCIA_MEDICA,False,hallazgo_radiologico_sospechoso,TC de tórax con lesión pulmonar sospechosa de proceso neoplásico; no equivale a diagnóstico confirmado.
MF_009,MF_009_2026_ORD_URG_PDF.pdf,URGENTES,URG,ORD,Orden / procedimiento,PDF,PDF,2026-09-30,PAC_009,URGENT,EMERGENCIA_MEDICA,False,lesion_por_presion_estadio_4,Solicitud de evaluación domiciliaria y curación avanzada por lesión por presión sacra estadio 4.
MF_011,MF_011_2026_EPI_URG_PDF.pdf,URGENTES,URG,EPI,Epicrisis / informe de alta,PDF,PDF,2026-09-30,PAC_011,URGENT,EMERGENCIA_MEDICA,False,pie_diabetico_wagner_3,Epicrisis con pie diabético y úlcera Wagner grado 3.
MF_001,MF_001_2026_REC_NOR_PDF.pdf,NORMALES,NOR,REC,Receta médica,PDF,PDF,2026-09-15,PAC_001,ROUTINE,FARMACIA,False,,Receta de Salbutamol con información completa y legible.
MF_005,MF_005_2026_LAB_NOR_IMG.jpg,NORMALES,NOR,LAB,Informe de laboratorio,IMG,JPG,2026-09-20,PAC_005,ROUTINE,HISTORIA_CLINICA,False,,"Perfil lipídico, hemograma y función renal dentro de los intervalos de referencia informados."
MF_006,MF_006_2026_IMG_NOR_PDF.pdf,NORMALES,NOR,IMG,Informe de imagenología,PDF,PDF,2026-09-18,PAC_006,ROUTINE,HISTORIA_CLINICA,False,,Radiografía de tórax sin hallazgos patológicos agudos.
MF_007,MF_007_2026_IMG_NOR_TXT.txt,NORMALES,NOR,IMG,Informe de imagenología,TXT,TXT,2026-09-25,PAC_007,ROUTINE,HISTORIA_CLINICA,False,,Radiografía de tobillo sin evidencia de lesión ósea aguda.
MF_012,MF_012_2026_CER_NOR_PDF.pdf,NORMALES,NOR,CER,Certificado médico,PDF,PDF,2026-09-28,PAC_012,ROUTINE,HISTORIA_CLINICA,False,,Certificado de atención para justificar inasistencia escolar; no contiene diagnóstico.
